
INSERT INTO GUEST (GUEST_ID, FIRST_NAME, MIDDLE_NAME, LAST_NAME, BIRTHDAY, STREET, CITY, STATE, ZIP_CODE, CONTACT_NO, EMAIL_ADD)
VALUES (GUEST_SEQ.nextval, 'JUAN', 'DOT', 'DELA CRUZ', TO_DATE('2023-12-25','YYYY-MM-DD'), 'MAIN STREET', 'MANILA', 'MANILA', 4102, '09123456789', 'jdelacruz@gmail.com');


INSERT INTO BED_TYPE (BED_TYPE, BED_TYPE_NAME) VALUES ('T', 'TWIN');
INSERT INTO BED_TYPE (BED_TYPE, BED_TYPE_NAME) VALUES ('X', 'DELUXE TWIN');
INSERT INTO BED_TYPE (BED_TYPE, BED_TYPE_NAME) VALUES ('D', 'DOUBLE DECK');
INSERT INTO BED_TYPE (BED_TYPE, BED_TYPE_NAME) VALUES ('K', 'KING');


INSERT INTO ROOM_TYPE (ROOM_TYPE, ROOM_TYPE_NAME, BED_TYPE, ROOM_TYPE_DESC, PRICE, MAX_GUESTS, NO_OF_BEDS, AREA)
VALUES ('D', 'DELUXE', 'T', 'WITH TWIN BEDS', 5000, 2, 2, 100);
INSERT INTO ROOM_TYPE (ROOM_TYPE, ROOM_TYPE_NAME, BED_TYPE, ROOM_TYPE_DESC, PRICE, MAX_GUESTS, NO_OF_BEDS, AREA)
VALUES ('G', 'GRAND', 'X', 'WITH DELUXE TWIN BEDS', 7000, 2, 2, 120);
INSERT INTO ROOM_TYPE (ROOM_TYPE, ROOM_TYPE_NAME, BED_TYPE, ROOM_TYPE_DESC, PRICE, MAX_GUESTS, NO_OF_BEDS, AREA)
VALUES ('S', 'SUITE', 'D', 'TWO ROOMS WITH DOUBLE DECK BEDS', 10000, 4, 4, 200);
INSERT INTO ROOM_TYPE (ROOM_TYPE, ROOM_TYPE_NAME, BED_TYPE, ROOM_TYPE_DESC, PRICE, MAX_GUESTS, NO_OF_BEDS, AREA)
VALUES ('E', 'EXECUTIVE', 'K', 'LIVING ROOM, KITCHEN, AND KING SIZED-BED', 15000, 4, 1, 250);


INSERT INTO ROOM (ROOM_NUMBER, ROOM_TYPE) VALUES (101, 'D');
INSERT INTO ROOM (ROOM_NUMBER, ROOM_TYPE) VALUES (102, 'D');
INSERT INTO ROOM (ROOM_NUMBER, ROOM_TYPE) VALUES (103, 'D');
INSERT INTO ROOM (ROOM_NUMBER, ROOM_TYPE) VALUES (104, 'D');
INSERT INTO ROOM (ROOM_NUMBER, ROOM_TYPE) VALUES (105, 'D');
INSERT INTO ROOM (ROOM_NUMBER, ROOM_TYPE) VALUES (106, 'D');
INSERT INTO ROOM (ROOM_NUMBER, ROOM_TYPE) VALUES (107, 'D');
INSERT INTO ROOM (ROOM_NUMBER, ROOM_TYPE) VALUES (108, 'D');
INSERT INTO ROOM (ROOM_NUMBER, ROOM_TYPE) VALUES (109, 'D');
INSERT INTO ROOM (ROOM_NUMBER, ROOM_TYPE) VALUES (110, 'D');

INSERT INTO ROOM (ROOM_NUMBER, ROOM_TYPE) VALUES (201, 'G');
INSERT INTO ROOM (ROOM_NUMBER, ROOM_TYPE) VALUES (202, 'G');
INSERT INTO ROOM (ROOM_NUMBER, ROOM_TYPE) VALUES (203, 'G');
INSERT INTO ROOM (ROOM_NUMBER, ROOM_TYPE) VALUES (204, 'G');
INSERT INTO ROOM (ROOM_NUMBER, ROOM_TYPE) VALUES (205, 'G');
INSERT INTO ROOM (ROOM_NUMBER, ROOM_TYPE) VALUES (206, 'G');
INSERT INTO ROOM (ROOM_NUMBER, ROOM_TYPE) VALUES (207, 'G');
INSERT INTO ROOM (ROOM_NUMBER, ROOM_TYPE) VALUES (208, 'G');
INSERT INTO ROOM (ROOM_NUMBER, ROOM_TYPE) VALUES (209, 'G');
INSERT INTO ROOM (ROOM_NUMBER, ROOM_TYPE) VALUES (210, 'G');

INSERT INTO ROOM (ROOM_NUMBER, ROOM_TYPE) VALUES (301, 'S');
INSERT INTO ROOM (ROOM_NUMBER, ROOM_TYPE) VALUES (302, 'S');
INSERT INTO ROOM (ROOM_NUMBER, ROOM_TYPE) VALUES (303, 'S');
INSERT INTO ROOM (ROOM_NUMBER, ROOM_TYPE) VALUES (304, 'S');
INSERT INTO ROOM (ROOM_NUMBER, ROOM_TYPE) VALUES (305, 'S');
INSERT INTO ROOM (ROOM_NUMBER, ROOM_TYPE) VALUES (306, 'S');
INSERT INTO ROOM (ROOM_NUMBER, ROOM_TYPE) VALUES (307, 'S');
INSERT INTO ROOM (ROOM_NUMBER, ROOM_TYPE) VALUES (308, 'S');
INSERT INTO ROOM (ROOM_NUMBER, ROOM_TYPE) VALUES (309, 'S');
INSERT INTO ROOM (ROOM_NUMBER, ROOM_TYPE) VALUES (310, 'S');

INSERT INTO ROOM (ROOM_NUMBER, ROOM_TYPE) VALUES (401, 'E');
INSERT INTO ROOM (ROOM_NUMBER, ROOM_TYPE) VALUES (402, 'E');
INSERT INTO ROOM (ROOM_NUMBER, ROOM_TYPE) VALUES (403, 'E');
INSERT INTO ROOM (ROOM_NUMBER, ROOM_TYPE) VALUES (404, 'E');
INSERT INTO ROOM (ROOM_NUMBER, ROOM_TYPE) VALUES (405, 'E');
INSERT INTO ROOM (ROOM_NUMBER, ROOM_TYPE) VALUES (406, 'E');
INSERT INTO ROOM (ROOM_NUMBER, ROOM_TYPE) VALUES (407, 'E');
INSERT INTO ROOM (ROOM_NUMBER, ROOM_TYPE) VALUES (408, 'E');
INSERT INTO ROOM (ROOM_NUMBER, ROOM_TYPE) VALUES (409, 'E');
INSERT INTO ROOM (ROOM_NUMBER, ROOM_TYPE) VALUES (410, 'E');




INSERT INTO BRN (BRN, PRIMARY_GUEST_ID, BOOKING_DATE, CHECK_IN_DATE, CHECK_OUT_DATE, ROOM_TYPE, NO_OF_ROOMS)
VALUES ('XYZ123', 1, TO_DATE('2023-12-20', 'YYYY-MM-DD'), TO_DATE('2023-12-24', 'YYYY-MM-DD'), TO_DATE('2023-12-30', 'YYYY-MM-DD'), 'D', 2);

-- PROMPT INSERTING INTO CARD...
-- INSERT INTO CARD (CARD_ID, CARD_NUMBER, CVV, EXPIRATION_DATE) VALUES ('')


INSERT INTO BILL_PAYMENT (BP_ID, BRN, TOTAL, PAYMENT_METHOD, CARD_ID)
VALUES (BP_SEQ.nextval, 'XYZ123', 20000, 'N', NULL);


INSERT INTO EMPLOYEE_TYPE (EMPLOYEE_TYPE, EMPLOYEE_TYPE_NAME) VALUES ('F', 'FRONT DESK');
INSERT INTO EMPLOYEE_TYPE (EMPLOYEE_TYPE, EMPLOYEE_TYPE_NAME) VALUES ('H', 'HOUSEKEEPING');
INSERT INTO EMPLOYEE_TYPE (EMPLOYEE_TYPE, EMPLOYEE_TYPE_NAME) VALUES ('K', 'KITCHEN');
INSERT INTO EMPLOYEE_TYPE (EMPLOYEE_TYPE, EMPLOYEE_TYPE_NAME) VALUES ('C', 'CONCIERGE');
INSERT INTO EMPLOYEE_TYPE (EMPLOYEE_TYPE, EMPLOYEE_TYPE_NAME) VALUES ('S', 'SUPERVISOR');


INSERT INTO EMPLOYEE (EMPLOYEE_ID, FIRST_NAME, MIDDLE_NAME, LAST_NAME, EMPLOYEE_TYPE, SALARY)
VALUES (EMPLOYEE_SEQ.nextval, 'JAMES', 'DELA CRUZ', 'SABLAY', 'F', '20000');
INSERT INTO EMPLOYEE (EMPLOYEE_ID, FIRST_NAME, MIDDLE_NAME, LAST_NAME, EMPLOYEE_TYPE, SALARY)
VALUES (EMPLOYEE_SEQ.nextval, 'JONALYN', 'SIMANGAN', 'VILLANUEVA', 'S','20000');
INSERT INTO EMPLOYEE (EMPLOYEE_ID, FIRST_NAME, MIDDLE_NAME, LAST_NAME, EMPLOYEE_TYPE, SALARY)
VALUES (EMPLOYEE_SEQ.nextval, 'FRANCESCA MARIES', 'PORTENTO', 'BUGUIS', 'C','20000');

COMMIT;


INSERT INTO CARD (CARD_ID, CARD_NUMBER, CVV, EXPIRATION_DATE)
VALUES (CARD_SEQ.nextval, '1234567891234432', '432', TO_DATE('2024-12', 'YYYY-MM'));


-- INSERT INTO SERVICES (SERVICE_CODE, SERVICE_NAME, DESCRIPTION, EMPLOYEE_TYPE, PRICE)
-- VALUES (EMPLOYEE_SEQ.nextval, 'JAMES', 'DELA CRUZ', 'SABLAY', 'F');
-- Inserting data for 'services' with EMPLOYEE_TYPE as 'C'

--Housekeeping
-- Inserting data for 'services'
INSERT INTO SERVICES (SERVICE_CODE, SERVICE_NAME, DESCRIPTION, EMPLOYEE_TYPE, PRICE)
VALUES ('1001', 'Room Cleaning', 'Professional room cleaning services', 'H', 150);

INSERT INTO SERVICES (SERVICE_CODE, SERVICE_NAME, DESCRIPTION, EMPLOYEE_TYPE, PRICE)
VALUES ('1002', 'Laundry Services', 'Convenient laundry services', 'H', 100);

INSERT INTO SERVICES (SERVICE_CODE, SERVICE_NAME, DESCRIPTION, EMPLOYEE_TYPE, PRICE)
VALUES ('1003', 'Shoe Polishing', 'Expert shoe polishing for a polished look', 'H', 50);

INSERT INTO SERVICES (SERVICE_CODE, SERVICE_NAME, DESCRIPTION, EMPLOYEE_TYPE, PRICE)
VALUES ('1004', 'Packing Services', 'Efficient packing services for travel', 'H', 75);

-- Inserting data for 'barItems'
INSERT INTO SERVICES (SERVICE_CODE, SERVICE_NAME, DESCRIPTION, EMPLOYEE_TYPE, PRICE)
VALUES ('2001', 'Chips', 'Savory chips for your snack cravings', 'H', 20);

INSERT INTO SERVICES (SERVICE_CODE, SERVICE_NAME, DESCRIPTION, EMPLOYEE_TYPE, PRICE)
VALUES ('2002', 'Nuts', 'Assorted nuts for a healthy snack', 'H', 30);

INSERT INTO SERVICES (SERVICE_CODE, SERVICE_NAME, DESCRIPTION, EMPLOYEE_TYPE, PRICE)
VALUES ('2003', 'Chocolate', 'Delicious chocolate treats for sweet cravings', 'H', 25);

INSERT INTO SERVICES (SERVICE_CODE, SERVICE_NAME, DESCRIPTION, EMPLOYEE_TYPE, PRICE)
VALUES ('2004', 'Candy', 'Colorful candies for a delightful treat', 'H', 15);

INSERT INTO SERVICES (SERVICE_CODE, SERVICE_NAME, DESCRIPTION, EMPLOYEE_TYPE, PRICE)
VALUES ('2005', 'Cookies', 'Classic cookies for a delightful snack', 'H', 18);

INSERT INTO SERVICES (SERVICE_CODE, SERVICE_NAME, DESCRIPTION, EMPLOYEE_TYPE, PRICE)
VALUES ('2006', 'Dried Fruit', 'Nutrient-packed dried fruits for a quick energy boost', 'H', 35);

INSERT INTO SERVICES (SERVICE_CODE, SERVICE_NAME, DESCRIPTION, EMPLOYEE_TYPE, PRICE)
VALUES ('2007', 'Granola Bars', 'Wholesome granola bars for a healthy snack', 'H', 28);

INSERT INTO SERVICES (SERVICE_CODE, SERVICE_NAME, DESCRIPTION, EMPLOYEE_TYPE, PRICE)
VALUES ('2008', 'Crackers', 'Crunchy crackers for a light bite', 'H', 22);

INSERT INTO SERVICES (SERVICE_CODE, SERVICE_NAME, DESCRIPTION, EMPLOYEE_TYPE, PRICE)
VALUES ('2009', 'Popcorn', 'Buttery popcorn for a movie night treat', 'H', 12);

INSERT INTO SERVICES (SERVICE_CODE, SERVICE_NAME, DESCRIPTION, EMPLOYEE_TYPE, PRICE)
VALUES ('2010', 'Cereal', 'Variety of cereals for a quick and tasty breakfast', 'H', 30);

-- Kitchen
-- Inserting data for 'services'
INSERT INTO SERVICES (SERVICE_CODE, SERVICE_NAME, DESCRIPTION, EMPLOYEE_TYPE, PRICE)
VALUES ('3001', 'Catering Services', 'Professional catering services for events', 'K', 1000);

INSERT INTO SERVICES (SERVICE_CODE, SERVICE_NAME, DESCRIPTION, EMPLOYEE_TYPE, PRICE)
VALUES ('3002', 'Personal Chef', 'Hire a personal chef for a customized culinary experience', 'K', 800);

INSERT INTO SERVICES (SERVICE_CODE, SERVICE_NAME, DESCRIPTION, EMPLOYEE_TYPE, PRICE)
VALUES ('3003', 'Custom Meal Plan', 'Tailored meal plans based on your preferences', 'K', 500);

INSERT INTO SERVICES (SERVICE_CODE, SERVICE_NAME, DESCRIPTION, EMPLOYEE_TYPE, PRICE)
VALUES ('3004', 'Interactive Culinary', 'Engaging culinary experiences with expert chefs', 'K', 1200);

-- Inserting data for 'inHouseMeals'
INSERT INTO SERVICES (SERVICE_CODE, SERVICE_NAME, DESCRIPTION, EMPLOYEE_TYPE, PRICE)
VALUES ('4001', 'Breakfast', 'Delicious in-house breakfast options', 'K', 50);

INSERT INTO SERVICES (SERVICE_CODE, SERVICE_NAME, DESCRIPTION, EMPLOYEE_TYPE, PRICE)
VALUES ('4002', 'Lunch', 'Enjoy a variety of in-house lunch options', 'K', 75);

INSERT INTO SERVICES (SERVICE_CODE, SERVICE_NAME, DESCRIPTION, EMPLOYEE_TYPE, PRICE)
VALUES ('4003', 'Dinner', 'Delight in-house dinner options prepared for you', 'K', 100);

-- Inserting data for 'alcohols'
INSERT INTO SERVICES (SERVICE_CODE, SERVICE_NAME, DESCRIPTION, EMPLOYEE_TYPE, PRICE)
VALUES ('5001', 'Beers', 'Assorted beers for your enjoyment', 'K', 30);

INSERT INTO SERVICES (SERVICE_CODE, SERVICE_NAME, DESCRIPTION, EMPLOYEE_TYPE, PRICE)
VALUES ('5002', 'Wines', 'Select wines to complement your meal', 'K', 50);

INSERT INTO SERVICES (SERVICE_CODE, SERVICE_NAME, DESCRIPTION, EMPLOYEE_TYPE, PRICE)
VALUES ('5003', 'Spirits', 'A collection of spirits for your preference', 'K', 40);

INSERT INTO SERVICES (SERVICE_CODE, SERVICE_NAME, DESCRIPTION, EMPLOYEE_TYPE, PRICE)
VALUES ('5004', 'Cocktails', 'Expertly crafted cocktails for a special occasion', 'K', 60);

INSERT INTO SERVICES (SERVICE_CODE, SERVICE_NAME, DESCRIPTION, EMPLOYEE_TYPE, PRICE)
VALUES ('5005', 'Liqueurs', 'Indulge in a variety of liqueurs', 'K', 45);

-- Inserting data for 'foods'
INSERT INTO SERVICES (SERVICE_CODE, SERVICE_NAME, DESCRIPTION, EMPLOYEE_TYPE, PRICE)
VALUES ('6001', 'Appetizers', 'Delicious appetizers to start your meal', 'K', 25);

INSERT INTO SERVICES (SERVICE_CODE, SERVICE_NAME, DESCRIPTION, EMPLOYEE_TYPE, PRICE)
VALUES ('6002', 'Salads', 'Fresh and flavorful salads for a healthy option', 'K', 30);

INSERT INTO SERVICES (SERVICE_CODE, SERVICE_NAME, DESCRIPTION, EMPLOYEE_TYPE, PRICE)
VALUES ('6003', 'Soups', 'Comforting soups to warm your palate', 'K', 20);

INSERT INTO SERVICES (SERVICE_CODE, SERVICE_NAME, DESCRIPTION, EMPLOYEE_TYPE, PRICE)
VALUES ('6004', 'Meat Dishes', 'Savor a variety of meat dishes', 'K', 40);

INSERT INTO SERVICES (SERVICE_CODE, SERVICE_NAME, DESCRIPTION, EMPLOYEE_TYPE, PRICE)
VALUES ('6005', 'Seafood', 'Fresh and delectable seafood options', 'K', 35);

INSERT INTO SERVICES (SERVICE_CODE, SERVICE_NAME, DESCRIPTION, EMPLOYEE_TYPE, PRICE)
VALUES ('6006', 'Vegetarian Options', 'Vegetarian delights for plant-based preferences', 'K', 30);

INSERT INTO SERVICES (SERVICE_CODE, SERVICE_NAME, DESCRIPTION, EMPLOYEE_TYPE, PRICE)
VALUES ('6007', 'Sides', 'Complement your meal with tasty side dishes', 'K', 15);

INSERT INTO SERVICES (SERVICE_CODE, SERVICE_NAME, DESCRIPTION, EMPLOYEE_TYPE, PRICE)
VALUES ('6008', 'Desserts', 'Indulge in sweet treats for a delightful ending', 'K', 25);

INSERT INTO SERVICES (SERVICE_CODE, SERVICE_NAME, DESCRIPTION, EMPLOYEE_TYPE, PRICE)
VALUES ('6009', 'Snacks', 'Quick and tasty snacks for anytime enjoyment', 'K', 18);

-- Inserting data for 'beverages'
INSERT INTO SERVICES (SERVICE_CODE, SERVICE_NAME, DESCRIPTION, EMPLOYEE_TYPE, PRICE)
VALUES ('7001', 'Coffee', 'Rich and aromatic coffee options', 'K', 10);

INSERT INTO SERVICES (SERVICE_CODE, SERVICE_NAME, DESCRIPTION, EMPLOYEE_TYPE, PRICE)
VALUES ('7002', 'Tea', 'Variety of teas for a soothing experience', 'K', 8);

INSERT INTO SERVICES (SERVICE_CODE, SERVICE_NAME, DESCRIPTION, EMPLOYEE_TYPE, PRICE)
VALUES ('7003', 'Juices', 'Fresh and refreshing juice selections', 'K', 15);

INSERT INTO SERVICES (SERVICE_CODE, SERVICE_NAME, DESCRIPTION, EMPLOYEE_TYPE, PRICE)
VALUES ('7004', 'Soft Drinks', 'Assorted soft drinks for your preference', 'K', 12);

INSERT INTO SERVICES (SERVICE_CODE, SERVICE_NAME, DESCRIPTION, EMPLOYEE_TYPE, PRICE)
VALUES ('7005', 'Water', 'Bottled water for hydration', 'K', 5);

INSERT INTO SERVICES (SERVICE_CODE, SERVICE_NAME, DESCRIPTION, EMPLOYEE_TYPE, PRICE)
VALUES ('7006', 'Energy Drinks', 'Boost your energy with a selection of energy drinks', 'K', 20);

INSERT INTO SERVICES (SERVICE_CODE, SERVICE_NAME, DESCRIPTION, EMPLOYEE_TYPE, PRICE)
VALUES ('7007', 'Milk', 'Enjoy milk options for a wholesome beverage', 'K', 15);

COMMIT;
